{"mean": [198.4095447498702, 277.2213793594913, 0.9883830870955166, 4.667915266784227, 248.29267073891143, 500.65308767258864, 2.7438027365156814], "std": [117.70887808075749, 166.85608358293882, 0.5481005085239009, 5.639914084817294, 183.25531001749866, 337.66351150343695, 0.3975416619283744]}